数据挖掘,"['Python', 'SQL', '数学/统计相关专业']",25-50K,硕士,北京
数据挖掘,"['Python', 'Scala', 'Shell', 'SQL', '深度学习算法', '推荐算法', '', '']",22-30K·15薪,硕士,深圳
数据挖掘,"['TensorFlow', 'PyTorch', 'GBDT']",15-20K,硕士,张掖
数据挖掘,"['计算机相关专业', '数学/统计相关专业', '大数据处理经验']",3-5K,大专,宝鸡
数据挖掘工程师,['数据挖掘'],20-40K·14薪,硕士,北京
数据挖掘,"['Python', '机器学习算法', 'Spark', 'Hadoop', 'SQL', '聚类分析', '', '']",25-40K·16薪,本科,上海
数据挖掘,"['Python', 'Scala', '深度学习算法', '推荐算法', '机器学习算法', '', '', '']",20-40K·14薪,硕士,北京
数据挖掘,"['Python', '深度学习算法', '机器学习算法', 'Spark', 'Hadoop', '', '', '']",35-40K·14薪,本科,上海
数据挖掘研究员,"['机器学习', 'Spark', '数据建模']",25-50K·14薪,学历不限,北京
数据挖掘工程师,"['Hive', '用户画像/标签体系相关经验', '数据分析', '', '', '', '', '']",7-10K·13薪,本科,西安
数据挖掘与分析工程师,"['SQL', '运营商行业', '电信', '联通']",9-14K·14薪,本科,郑州
北京-机器学习/数据挖掘/策略挖掘工程师,"['Python', 'Java', 'C++', '大数据处理经验', '机器学习/NLP经验', '']",20-40K·16薪,本科,北京
数据挖掘工程师-营销产品,['C++'],16-30K,本科,北京
数据挖掘算法工程师,"['Python', 'Scala', '深度学习算法', 'Spark', 'Hadoop', 'Streaming', '']",20-35K·16薪,硕士,芜湖
JD - DataScience 数据挖掘工程师,"['SQL', 'Python', '数学/统计相关专业', '大数据处理经验', '']",15-30K·13薪,本科,杭州
大数据开发工程师（数据挖掘）,"['Hadoop', '数据挖掘', '机器学习']",15-30K,本科,北京
大数据挖掘工程师,"['数据挖掘', '数据仓库', '数据分析', 'ETL', 'Python', 'SQL', '', '']",6-11K,本科,洛阳
招财猫招聘挖掘机司机,"['包吃', '挖掘机操作证', '通用型', '中型', '轮式挖掘机', '', '']",4-5K,学历不限,吉林
挖掘机设计师,"['设备仪器类', '工程设备/仪器']",8-12K,大专,青岛
二进制漏洞挖掘,"['二进制', '二进制漏洞', 'fuzz']",12-24K·13薪,本科,上海
Web安全工程师（漏洞挖掘方向）,"['漏洞挖掘', '代码审计', 'Python', 'Java', 'PHP', 'C/C++']",11-22K,学历不限,天津
拙政园林招聘挖掘机司机,"['五险', '包吃', '包住', '交通补助', '加班费', '工龄奖']",5-8K,学历不限,淄博
福建道通建设有限公司招聘挖掘机司机,['八小时工作制'],5-10K,学历不限,泉州
数据科学家,"['数据挖掘', '数据分析', 'Python', '大数据', '商业智能']",30-50K·16薪,硕士,北京
数据分析师,"['数据分析', 'Python', 'BI', 'SQL', '数据挖掘', '商业分析']",20-35K·16薪,本科,上海
风险大数据工程师,"['数据挖掘', '数据架构']",20-40K,本科,北京
数据专员,"['数据挖掘', '数据库开发', '数据分析']",6-12K,本科,上海
数据分析,"['数据分析', '数据挖掘']",8-10K·13薪,大专,福州
数据算法总监,"['hadoop', '数据挖掘', '大数据算法']",40-65K,本科,深圳
数据分析师,"['SQL', 'Python', 'Hive', '数学/统计相关专业', '数据分析/挖掘经验', '', '', '', '']",5-10K,本科,德州
数据分析师,"['ETL', 'Python', 'DBA', 'BI', '数据分析', '数据挖掘', '数据仓库', '']",9-14K·13薪,本科,上海
数据工程师(爬虫),"['网络爬虫技术', '网络协议', '数据挖掘', 'Python', 'SQL', '', '', '']",15-28K·14薪,本科,北京
中级数据库工程师,"['数据库开发', '数据挖掘', '数据分析', 'SQL']",5-10K·13薪,大专,南通
数据分析师,"['数据分析', 'MySQL', '数据挖掘']",10-16K,本科,上海
数据分析师,"['数据分析', '数据挖掘', '大数据', '人工智能', '', '', '']",9-14K,本科,长沙
数据开发工程师,"['数据仓库', '数据开发', '数据挖掘', '数据分析', 'SQL', 'Python', '', '']",15-30K,本科,北京
数据开发工程师,"['数据仓库', '数据库开发', '数据挖掘', 'SQL', 'Java', 'Python', '', '']",15-30K,本科,北京
大数据架构师,"['数据架构师', '数据仓库', '数据挖掘', 'ETL', '数据开发', '']",30-50K·13薪,本科,上海
大数据开发工程师,"['数据仓库', 'Python', 'Java', 'Hive', '分布式技术', '数据挖掘', '', '']",20-30K·13薪,本科,上海
遥感解译、数据处理工程师,['数据挖掘'],7-12K,硕士,郑州
数据,"['图片', '文字', '音频', '地图', '视频']",2-4K,高中,内江
数据科学家,"['SQL', 'Python', 'R', '计算机相关专业', '数学/统计相关专业']",18-22K·13薪,本科,上海
数据分析师,"['回归分析', '相关分析', '因子分析', '聚类分析', '非参数检验', '']",7-10K,本科,石嘴山
高级数据分析专家,"['Python', 'Excel']",20-40K·14薪,本科,长沙
数据分析师,"['Tableau', 'SQL', '数学/统计相关专业', '']",15-25K,本科,成都
数据开发,"['Java', 'Shell', 'Scala', 'Hadoop', 'MongoDB', 'Spark']",15-30K,本科,上海
数据开发,"['SQL', 'Python', 'Hadoop', 'HIVE', 'Spark', 'Flink', 'Kafka']",30-60K,本科,北京
大数据工程师,"['计算机相关专业', '大数据开发经验']",5-10K,本科,九江
BI数据分析师,"['机器学习建模经验', '因子分析', '数据分析/挖掘经验', '参数检验', '', '', '', '', '', '', '', '', '']",7-12K,本科,海口
数据分析,"['数据处理', '数据分析']",5-6K,本科,北京
数据分析,"['SQL', 'Power BI']",8-11K,本科,北京
数据标注,"['全职工作', '数据标注', '标框标注', '数据分析能力强']",3-8K,大专,商丘
数据运营,"['大数据', '在线教育', '媒体类产品', '社区类产品', '社交类产品']",3-8K,大专,贵阳
数据标注,"['图片', '文字', '音频', '地图', '视频', '不涉黄涉暴']",3-6K,学历不限,沧州
数据分析经理,['数据能力建设'],18-28K·16薪,本科,北京
数据治理主管,"['Python', 'SQL']",13-18K,本科,南昌
大数据分析师,"['SQL', 'Python', 'SAS', '数学/统计相关专业']",15-16K,博士,惠州
java大数据讲师,"['职业培训师', 'java大数据', 'java']",10-15K·13薪,本科,湘潭
数据标注,"['数据标注', '图片', '视频标注', '标注结果整理', '数据分析能力强', '', '', '', '', '', '', '', '', '']",3-8K,学历不限,日照
数据仓库,"['Spark', 'Hadoop', 'MapReduce', 'HDFS', 'Flink', 'SQL', 'DataX', '']",20-40K·16薪,本科,杭州
数据标注,['文字'],3-4K,大专,北京
数据运营,"['数据标注', '语音标注', '文本标注']",50-65K,大专,驻马店
数据专员,"['大数据', '人工智能', '企业服务', '平台类产品', '社交类产品', '', '', '']",3-6K,大专,达州
Excel数据工程师,"['Python', '回归分析', '多元统计分析', 'SQL', 'Excel', 'Vlookup', '']",7-12K,大专,东莞
数据分析工程师,['Python'],10-15K,本科,北京
大数据研究员,"['数据分析/挖掘经验', '遥感图像']",20-30K,硕士,杭州
数据分析员,['SAS'],5-8K·14薪,本科,嘉兴
数据工程师,"['Python', 'Shell', 'Kettle', 'ETL开发经验', 'Linux', 'SQL server']",8-12K·13薪,本科,广州
数据分析师,"['SQL', 'SPSS']",10-15K,大专,深圳
数据架构师,"['Python', '架构师', '数据仓库', '数据分析', '大数据', '云计算', '', '']",30-55K,本科,北京
数据工程师,"['Python', 'SQL', 'Datastage']",12-24K,本科,海口
数据统计员,['Python'],8-13K·13薪,大专,北京
数据仓库,"['SQL', 'Spark', 'Hadoop', 'HIVE', 'Flink', 'Java', 'Scala']",45-60K·15薪,本科,上海
数据产品经理,"['市场调研', '用户研究', '数据分析', '大数据产品', '产品设计', '', '', '']",15-30K,本科,苏州
数据运营,['电商分析'],4-5K,大专,嘉兴
数据主管,['ERP'],4-6K,大专,重庆
数据开发,"['SQL', 'HIVE']",8-12K·13薪,本科,福州
数据文员,"['带薪休假', '周末休息', '员工生日', '团队聚会']",3-5K,大专,荆门
数据标注,"['全职工作', '标注结果抽查', '数据标注', '标注数据分析', '', '', '', '', '', '', '', '']",4-5K,大专,南昌
数据记录,['数据记录'],3-8K,学历不限,太原
数据运营,"['运营专员', '游戏平台']",4-8K,中专/中技,济宁
数据专员,"['业务数据分析', '计算机相关专业']",3-6K,高中,茂名
数据分析,"['相关分析', '描述统计']",3-5K,大专,淄博
数据运营,['用户分析'],3-4K,本科,长春
数据分析,"['多元统计分析', '相关分析', '描述统计', '方差分析']",6-11K,学历不限,贵阳
数据分析,"['Excel', 'SQL', 'Tableau', 'Python']",240-300元/天,本科,北京
数据运营,"['业务模式/运营策略优化', '投放数据分析', '营销活动效果分析', '']",12-18K,大专,北京
数据专员,"['计算机', '数据', '报表开发']",5-9K,大专,湖州
数据采集,"['爬虫工程师', 'Python']",15-16K,本科,南京
数据开发,"['Java', 'Python', 'Shell', '数学/统计相关专业', '数仓建设经验', '']",10-15K,本科,宁波
数据仓库,"['数学/统计相关专业', '数仓设计/开发经验', '数据建模经验']",3-8K,大专,三明
数据仓库,['数据建模经验'],3-4K,学历不限,安阳
数据运营,"['数据平台搭建经验', '渠道数据分析经验']",3-6K,高中,绍兴
数据分析,"['SQL', 'Python', 'Hive', '数学/统计相关专业', '数据分析/挖掘经验', '']",10-15K·14薪,硕士,上海
数据开发,"['Python', 'Java', 'ETL开发经验', '大数据开发经验']",15-30K,本科,深圳
数据仓库,"['HIVE', 'Spark', 'Flink', 'DataX']",25-35K,本科,北京
数据专员,['电脑 办公自动化 客服'],2-3K,高中,安康
数据员,['业务数据分析'],6-7K,学历不限,宁波
数据&java开发工程师,['Java'],20-40K·16薪,本科,杭州
粤语数据标注,"['文字', '音频', '视频']",6-8K,学历不限,东莞
数据库工程师,"['Shell', 'Unix', 'Oracle']",6-10K·13薪,大专,九江
商品数据分析,"['数据分析', '品类运营', '数据运营']",4-6K,大专,苏州
ai数据标注,"['全职工作', '兼职工作', '数据标注', '标注数据分析', '', '', '', '', '', '', '']",3-5K,学历不限,商丘
数据文员岗,['资料文员'],4-5K,大专,广州
数据建模分析师,"['Python', 'MATLAB', '大数据处理经验', '工业控制相关', '']",13-20K,硕士,南京
数据仓库,"['数学/统计相关专业', '计算机相关专业']",2-5K,学历不限,徐州
数据运营,['厨电销售库管办公室'],3-8K,中专/中技,东营
数据标注,"['全职工作', '数据标注', '语音标注', '图片标注', '描点标注', '']",3-5K,学历不限,长沙
数据运营,"['数据分析', '运营专员', '数据运营']",3-5K,大专,临沂
数据开发,"['Java', 'Spark', 'Yarn', 'Kafka', 'Flink', 'SQL', 'Scala', 'Python']",20-40K·15薪,本科,北京
数据处理,"['arcgis', 'mapinfo']",2-3K,中专/中技,成都
大数据分析师,"['Python', 'SQL', 'SAS', 'SPSS', 'R', '金融，银行']",12-24K,硕士,北京
数据开发工程师（高级）,"['SQL', 'Python', 'Spark', 'Hadoop', 'Kafka', 'HIVE', 'Flink']",20-30K·15薪,学历不限,上海
数据库管理员（DBA）,"['Oracle', '数据库管理', 'DBA']",10-15K,本科,合肥
数据产品经理,"['SQL', '数据产品', '市场调研', '产品设计', '数据分析', 'Axure']",15-20K,本科,长沙
数据产品经理,"['SQL', '产品设计', '数据分析', '使用场景分析', '产品/版本迭代', '', '', '']",20-30K·16薪,本科,北京
数据平台总监,"['营销SAAS产品', 'Java', '数据结构']",30-45K,本科,广州
金融法规数据库,"['信息录入', '文字校对', '金融', '法规', '数据库', '金融机构']",7-8K·13薪,大专,上海
数据治理专家,"['Flume', 'Kafka', 'Hadoop', 'Sqoop']",30-60K·16薪,本科,北京
数据项目经理,"['企业内部技术项目管理', '管理相关专业', '软件研发经验', '', '', '']",4-9K,学历不限,日照
数据审核专员,['数据'],4-5K,大专,厦门
数据质控师,"['SQL', '数据治理', '金融知识']",10-15K,本科,上海
数据分析工程师,"['SQL', 'Python', '计算机相关专业', '数学/统计相关专业', '']",7-11K,大专,深圳
数据分析师,"['Python', 'SQL']",12-18K·15薪,本科,北京
数据产品(J13287),"['搜索产品', '市场调研', '产品设计', 'Axure']",16-30K·14薪,本科,杭州
Java大数据后端开发,"['Java', '后端开发', '大数据']",25-50K,本科,北京
高级大数据产品经理,"['SQL', '大数据产品', '需求分析', '产品设计', '用户研究', '', '', '']",25-30K·13薪,本科,北京
数据库讲师,['Oracle'],10-15K,本科,济南
数据统计员,['数据统计'],3-5K,大专,长沙
数据统计员,['数据结构'],3-4K,大专,漳州
数据统计员,['全职'],2-3K,学历不限,沈阳
数据统计员,['数据处理'],3-5K,大专,仙桃
数据统计员,['大数据'],3-4K,学历不限,潮州
大数据工程师,"['机器学习工程经验', 'Java', '大数据处理经验', 'spark', '']",16-25K·13薪,本科,西安
客户数据管理4000,['数据'],4-5K,学历不限,昆明
技术支持电子数据,"['信息安全', '电子数据', '数据恢复', '数据分析', 'SQL', 'Python']",4-8K,大专,长沙
数据安全工程师,['数据安全'],12-18K·13薪,本科,杭州
数据分析师,"['Python', 'SQL', 'SAS', 'R']",20-40K,本科,北京
数据安全工程师,['数据安全'],6-11K,本科,昆明
数据分析工程师,"['数据分析', 'Excel', 'SQL', 'Python']",7-10K·15薪,本科,天津
数据分析师,"['数据分析', '地图数据']",6-10K,大专,北京
数据分析师,"['Excel', 'Tableau', 'SQL']",9-10K,本科,上海
大数据工程师,"['Python', 'Java', '分布式技术', '微服务架构', '消息队列', '', '', '']",11-22K,本科,大连
数据采集工程师,"['网络爬虫技术', 'Python', 'aop', 'CSS', 'scrapy', 'webmagic', '', '']",10-15K,本科,深圳
数据标注员,['文员 数据标注'],2-5K,学历不限,佳木斯
大数据实施实习生,"['计算机相关专业', '熟练掌握SQL语句', '可适应出差', '', '', '']",150-200元/天,本科,石家庄
数据信息员,['数据分析'],5-6K,大专,哈尔滨
大模型数据算法实习生,"['Python', '深度学习经验']",7-8K,本科,北京
数据标注,"['数据标注', '文本标注', '23D融合连续帧', '全职工作', '标框标注', '', '']",3-7K,大专,太原
数据员,"['财务管理', '财务分析', '会计']",4-5K,大专,湛江
职位名称,技能,薪资,学历要求,地区
AI 人工智能 机器学习 开发工程师,"['机器学习', 'AI', '人工智能', '开发', 'Python', 'Java', '算法']",20-40K·14薪,本科,深圳
AI人工智能顾问,['人工智能'],15-20K,硕士,北京
ai人工智能工程师,"['Python', 'TensorFlow/PyTorch', 'Java']",50-80K,本科,上海
AI人工智能训练师,"['视频', '地图', '音频', '文字', '图片']",4-8K,学历不限,太原
高端AI人工智能讲师（技术NB可兼职）,"['语音/图像识别', 'Hadoop/Hive/Spark', 'TensorFlow/PyTorch', '', '', '', '']",30-60K,博士,长沙
AI人工智能算法工程师,"['算法设计', '深度学习算法', '视觉图像算法', 'Python', '', '']",25-50K,本科,上海
实习TVC美术设计-AI人工智能方向,"['视觉设计', '平面设计', '三维设计', '人工智能']",150-300元/天,本科,杭州
python开发/机器学习/AI人工智能,"['Python', '人工智能', '机器学习', '数据挖掘', '大数据', '数据分析', '', '']",5-7K,大专,衡水
AI人工智能工程师(B0969),"['业务导向', '语音/图像识别', '云计算', 'Python', '计算机相关专业', '', '']",30-40K·14薪,本科,北京
AI人工智能开发工程师,"['智能驾驶', '语音/图像识别', 'Python', '计算机相关专业', '', '']",11-15K·15薪,硕士,保定
人工智能专家,"['深度学习算法', '视觉图像算法', '数据分析', 'TensorFlow', 'Caffe', '', '', '']",25-50K,本科,无锡
人工智能编程,"['销售经验', '支持远程办公', '小班教学（3-25人）', '人工智能类', '', '', '', '', '', '', '', '', '']",3-6K,大专,葫芦岛
人工智能,"['Java', '汇编语言', '算法基础', '数据结构', '前后端开发', '', '', '']",30-50K,硕士,北京
人工智能工程师,['机器学习算法/工程化经验'],12-20K,本科,成都
人工智能工程师,['Python'],10-15K·13薪,本科,昆明
人工智能编辑实习生,['ai'],150-200元/天,本科,北京
人工智能,"['深度学习算法', '视觉图像算法', '自然语言处理', '语音算法', '', '', '', '']",13-26K,本科,北京
人工智能,"['图片', '视频', '文字', '音频', '地图']",3-6K,大专,达州
人工智能,"['Java', 'Python', 'C/C++']",6-7K,大专,潍坊
人工智能训练师,"['全职工作', 'AI训练师', '智能运营']",9-14K,大专,合肥
人工智能训练师,"['语音/图像识别', '智能驾驶']",3-7K,学历不限,哈尔滨
人工智能算法专家,"['Python', '深度学习算法', '机器学习算法', '视觉图像算法', '', '']",15-30K,硕士,天津
人工智能课程讲师,"['人工智能', '机器学习', '深度学习']",4-8K,学历不限,上海
人工智能教师,"['人工智能教师', '创客课程老师', '机器人课程老师', '编程课程老师']",6-8K,大专,太原
人工智能标注,"['全职工作', '兼职工作', '标注方法优化', '标注结果整理', '', '', '', '', '', '', '', '', '']",3-4K,学历不限,南昌
人工智能算法工程师,"['叶贝斯', '随机森林', 'SVM', '神经网络', '聚类', 'PCA']",2-3K,本科,北京
人工智能研发工程师,"['深度学习算法', 'Java', 'Python']",200-400元/天,硕士,北京
人工智能开发工程师,"['深度学习算法', '自然语言处理', 'TensorFlow', 'PyTorch']",12-18K·13薪,硕士,成都
人工智能算法工程师,"['Python', 'SQL', '深度学习算法', '机器学习算法', 'PyTorch', '']",10-15K,本科,上海
人工智能讲师,"['Python', 'CNN/RNN/LSTM', 'TensorFlow/PyTorch', '智能驾驶', '', '', '']",12-24K,硕士,长沙
兼职人工智能讲师,"['语音/图像识别', 'TensorFlow/PyTorch', 'Hadoop/Hive/Spark', '', '', '']",5-6K,本科,济宁
人工智能工程师,['Python'],15-16K,本科,福州
人工智能算法工程师岗位,"['搜索/推荐', 'Python', 'Java', 'TensorFlow/PyTorch']",15-20K,学历不限,北京
人工智能fae,"['售前/售后技术支持', '计算机/通信相关专业', '大数据运维经验', '']",10-15K·14薪,本科,北京
大客户销售-人工智能,"['政府客户', '外企客户', '软件销售', 'IT服务', '人工智能']",15-30K,大专,上海
人工智能机器人,['算法设计'],300-600元/天,本科,北京
Al人工智能标注,"['全职工作', '标注结果整理', '数据标注', '图片标注', '视频标注', '', '', '', '']",3-8K,中专/中技,西安
人工智能工程师,"['人工智能', '机器学习', '深度学习']",20-40K,本科,深圳
人工智能高端人才,['智能营销/广告'],55-85K·17薪,博士,西安
人工智能方向软件研发,"['人工智能', '深度学习算法', '视觉图像算法', 'Python', '', '']",6-10K·13薪,本科,济南
人工智能算法专家,"['无明显侧重', '风控/反欺诈', '智能营销/广告', 'Python', '', '', '', '', '']",30-50K·13薪,硕士,北京
人工智能工程师,"['Python', 'C/C++', 'TensorFlow/PyTorch', '计算机相关专业', '', '']",15-20K·13薪,硕士,郑州
人工智能训练师,"['全职工作', '标注结果整理', '数据标注', '标注数据分析', '', '', '', '', '', '', '']",2-4K,学历不限,银川
人工智能课程研发,['人工智能'],7-12K,本科,北京
人工智能训练师,['自然语言处理'],1-6K,学历不限,许昌
人工智能研究员,"['业务导向/研究导向', '语音/图像识别', '智能驾驶', '云计算', '', '', '']",28-45K,博士,上海
人工智能研究员,['OpenCV'],20-40K,硕士,北京
人工智能,"['Python', 'C语言', '机器人']",5-8K,大专,绍兴
人工智能,"['AI标注', '图片拉框', '图片', '文职', '图形识别', '标注', '图片标注', '']",2-4K,学历不限,衡水
电力人工智能算法工程师2,"['Python', 'TensorFlow/PyTorch', 'CNN/RNN/LSTM', '', '', '']",10-15K·14薪,硕士,北京
人工智能销售,"['企业（To B）', '电话销售', '会展销售', '面销/陌拜', '电子商务', '', '']",5-10K,高中,杭州
人工智能讲师,"['Python', '算法设计', '自然语言处理', '深度学习算法', '', '', '', '']",10-15K·14薪,本科,成都
人工智能专家,"['算法', '人工智能', '深度学习']",25-40K,本科,北京
人工智能数据专员,"['全职工作', '数据标注', '图片标注', '文本标注', '语音标注', '']",3-6K,大专,新余
人工智能算法总监,"['Java', 'Python', 'Tensorflow', 'Pytorch', 'SVM', 'Regression']",40-60K,博士,上海
人工智能销售顾问,['K12销售经验'],3-8K,大专,菏泽
人工智能项目助理,"['视觉图像算法', '深度学习算法', '运动控制算法', 'Python', '', '']",6-10K,硕士,合肥
人工智能技术总监,['计算机相关专业'],30-55K·14薪,硕士,北京
人工智能产品经理,"['C端产品', 'B端产品', '语义类AI', '视觉类AI', '智能医疗']",20-40K,硕士,上海
人工智能团队经理,['云计算'],20-25K,本科,北京
人工智能训练师,"['图片', '文字', '音频', '地图', '视频']",3-7K,大专,太原
人工智能训练师,"['文本分类', '知识图谱', '智能客服']",10-15K,学历不限,杭州
人工智能训练师,"['计算机相关专业', '图像识别经验']",3-6K,大专,淄博
科研岗（人工智能方向）,"['自然语言处理', '深度学习算法', '机器学习算法', '视觉图像算法']",20-40K·13薪,博士,成都
人工智能高级工程师,"['语音/图像识别', '云计算', 'Java', 'Python', '数学/统计相关专业', '', '']",8-12K,硕士,日照
人工智能-NLP工程师（校招）,"['算法设计', '深度学习算法', '文本分类', '知识图谱']",5-8K,硕士,成都
人工智能金融科学家,"['C/C++', '英文读写能力良好', 'R', '机器学习算法/工程化经验', '', '', '', '']",20-40K·13薪,硕士,天津
人工智能产品助理,['人工智能'],5-10K,大专,东莞
销售经理（人工智能）,"['个人（To C）', '互联网/科技']",15-20K,本科,绵阳
人工智能图像识别,"['C++', 'Python', '算法设计', '视觉图像算法', '图像处理', '']",8-12K,本科,天津
人工智能训练师,"['文本分类', '语义角色标注', '句法分析', '数据开发', 'DBA']",4-8K,大专,南昌
人工智能工具链开发工程师,"['Python', '架构师', '全栈开发', '高级软件工程师', '', '', '']",12-20K·14薪,本科,成都
人工智能训练师,"['图片标注', '文本标注', '语音标注']",3-6K,本科,海口
人工智能训练师,"['全职工作', '标注结果抽查', '数据标注', '标注数据分析', '', '', '', '', '', '', '', '', '']",3-8K,本科,海口
人工智能产品经理,['B端产品'],15-20K,本科,北京
资深人工智能工程师,"['业务导向', '语音/图像识别', '生物医疗', 'C/C++']",15-30K,硕士,苏州
算法工程师（人工智能/机器学习）,"['深度学习算法', '自然语言处理', '机器学习算法', 'Python', '', '', '', '']",26-45K·15薪,硕士,北京
人工智能工程师,"['视觉图像算法', '深度学习算法', '运动控制算法', '算法设计', '', '', '', '']",15-18K,本科,济南
人工智能工程师,"['Python', '深度学习算法', '视觉图像算法', 'PyTorch', 'TensorFlow']",12-15K·13薪,本科,石家庄
人工智能高级工程师,"['C/C++', 'Python', 'TensorFlow/PyTorch', '图像识别经验']",15-30K,博士,北京
人工智能开发工程师,"['Java', '视觉图像算法', '深度学习算法', 'TensorFlow']",20-40K,本科,上海
人工智能算法工程师,"['算法设计', '深度学习算法', '机器学习算法', '视觉图像算法', '', '']",30-40K·15薪,本科,北京
人工智能数据工程师,"['C++', 'Python', '视觉图像算法', '图像处理', '图像分析']",120-180元/天,本科,深圳
人工智能算法工程师,"['Python', '计算机相关专业', '机器学习算法/工程化经验', '', '', '', '']",20-40K,本科,成都
人工智能算法工程师,"['语音/图像识别', '智能驾驶', 'Python', 'OpenCV', '']",20-21K,本科,北京
人工智能算法工程师,"['CNN', 'TensorFlow', 'PyTorch', 'Caffe', 'Keras']",6-10K,本科,绍兴
人工智能算法工程师,"['自然语言处理', '推荐算法']",12-18K·13薪,本科,西安
工业人工智能技术专家,"['人工智能', 'AI算法']",25-45K,本科,上海
人工智能编辑实习生,"['兼职工作', '英语计算机教育科技', '工业科学医疗金融装修', '']",150-200元/天,本科,北京
人工智能研发工程师,"['深度学习算法', '视觉图像算法', 'Python', 'Java', '人工智能', '', '', '']",6-11K,硕士,烟台
人工智能应用工程师,"['C++', '计算机相关专业', '游戏开发']",10-15K,大专,北京
人工智能算法工程师,"['搜索/推荐', '语音/图像识别', 'TensorFlow/PyTorch', '']",85-90元/时,硕士,北京
新型人工智能平台FPGA研究专员,"['Verilog', 'VHDL', 'Vivado']",20-35K·15薪,博士,杭州
人工智能销售,"['电话销售', '五险一金', '年终奖', '面销/陌拜', '软件/企业服务产品', '', '', '', '', '']",12-24K,大专,北京
人工智能老师,"['智能驾驶', '语音/图像识别', 'Python', '计算机相关专业']",13-18K,硕士,承德
人工智能基地活动策划,"['教育培训', '策划']",4-6K,大专,石家庄
人工智能算法工程师,"['C++', 'Python', '算法设计', '深度学习算法', 'TensorFlow', '']",8-13K,本科,成都
【人工智能】模型训练工程师,"['NLP', 'C/C++', '后台/服务器']",20-40K,硕士,北京
人工智能算法工程师,"['算法基础', '软件工程师', 'Linux', 'Windows', 'SQLite', 'python']",4-9K,大专,济南
人工智能开发工程师,"['语音/图像识别', 'C/C++', 'TensorFlow/PyTorch', 'OpenCV']",18-25K,硕士,成都
青年博士后(人工智能+金融),['业务导向/研究导向'],30-45K·14薪,博士,宁波
人工智能项目部助理,"['电商/零售项目', '项目助理']",3-4K,大专,娄底
人工智能算法工程师,"['C/C++', 'OpenCV', '机器学习算法/工程化经验', '', '', '', '', '']",11-22K,硕士,昆明
人工智能软件系统工程师,['计算架构 异构计算 人工智能 类脑计算'],15-30K·13薪,大专,深圳
人工智能数字广告营销（招代理）,['兼职'],3-4K,学历不限,随州
人工智能工程师,"['深度学习算法', '自然语言处理', '视觉图像算法', '人脸识别']",12-19K,本科,深圳
人工智能应用实习工程师,"['后端', '机器学习/算法工程', 'Python', 'C/C++', 'PyTorch', '', '', '']",150-200元/天,本科,上海
CTO(医疗人工智能大数据方向),"['分布式技术', '数据结构', '多线程', '微服务架构', '多进程']",80-110K·14薪,博士,上海
人工智能与智能制造工程师,"['自动化测试', 'Java', 'C/C++']",15-30K·15薪,本科,北京
人工智能专任教师,['教师'],8-10K·13薪,硕士,马鞍山
兼职人工智能--课程视频兼职讲师,"['Python', 'python爬虫', '机器学习']",15-16K,本科,广州
人工智能算法工程师（AIGC）,"['机器学习算法/工程化经验', '深度学习经验', '图像生成', '', '']",40-60K·15薪,本科,北京
保险风险人工智能岗,"['风险管理研究', '精算评估及相应分析工作', '互联网金融', '', '', '', '']",15-20K,硕士,北京
人工智能算法工程师,"['业务导向', '语音/图像识别', 'TensorFlow/PyTorch', '', '', '', '']",30-50K·15薪,硕士,北京
人工智能研发工程师,"['深度学习算法', '视觉图像算法', 'Python', 'C语言', '人工智能', '', '', '']",14-28K·13薪,硕士,上海
人工智能算法工程师,"['Tensorflow', '机器学习', 'Caffe']",30-50K,硕士,北京
人工智能算法工程师,['Java'],15-25K,本科,晋城
人工智能驱动科学计算见习研究员,"['生物医疗', 'C/C++', 'Python', 'TensorFlow/PyTorch']",300-350元/天,硕士,上海
人工智能-NLP知识图谱工程师,"['Python', 'Word2vec', 'PyTorch']",20-30K,本科,天津
课程顾问+人工智能+月入过万,"['小学教育', 'K12销售经验', '高中教育', '初中教育']",10-15K,大专,阳江
互联网人工智能软件开发,"['视觉图像算法', '自然语言处理', 'Python', 'Java', 'C语言', 'Perl', '', '']",9-14K,学历不限,重庆
人工智能与系统控制方向博士后,"['研究导向', '云计算', '智能驾驶', 'C/C++', '数学/统计相关专业', '', '']",30-50K,博士,重庆
人工智能训练师,"['全职工作', '标注结果整理', '数据标注', '标注数据分析', '', '', '', '', '', '', '', '', '', '', '']",3-4K,大专,朝阳
兼职讲师(人工智能),"['人工智能产品', '智能硬件产品']",25-50K,硕士,北京
人工智能标注师,['Java'],3-5K,大专,太原
人工智能产品经理,"['平台产品', '人工智能产品', '移动端产品', '智能硬件产品', '', '']",5-6K·14薪,高中,绍兴
人工智能技术总监,"['服务器配置', '网络交换技术']",9-12K,本科,武汉
人工智能项目经理,"['企业内部技术项目管理', '计算机相关专业', '软件研发经验', '', '', '', '']",40-70K,硕士,南京
人工智能数据标注师,"['全职工作', '数据标注', '标注数据分析', '图片标注', '文本标注', '', '', '', '', '']",4-8K,高中,汉中
人工智能算法工程师-初级（实习）,"['自然语言处理', '深度学习算法', '机器学习算法', 'TensorFlow', '', '']",4-7K,本科,北京
专利分析工程师（人工智能方向）,['专利代理资格'],15-20K,本科,深圳
K12教育人工智能夏令营负责人,"['教务管理', '辅导员', '教学管理']",8-10K,本科,福州
人工智能大数据工程师（nlp、解析方向）,"['Python', 'SQL', 'Scala', 'HIVE', 'Spark', 'Hadoop', 'Hbase', '']",25-35K·14薪,本科,上海
竞赛老师（机器人/人工智能）,"['线下教育', '线上教育', '大学/大专生', '竞赛']",7-9K,本科,杭州
人工智能算法工程师,"['视觉图像算法', 'TensorFlow', 'PyTorch', 'UNET', 'MASKRCNN', '', '', '']",12-20K,本科,成都
人工智能算法研究员,"['深度学习算法', '视觉图像算法', '强化学习', '人工智能', '']",11-18K,本科,深圳
人工智能算法工程师,"['Python', 'Java', 'TensorFlow', 'PyTorch', '视觉图像算法', '', '', '']",12-24K,本科,北京
大数据/人工智能讲师,"['教务行政', '教研', '学科带头人', '大学教育', '教学管理']",8-13K,本科,乌鲁木齐
交通行业销售经理（人工智能芯片）,"['企业（To B）', '对企业/机构（To B）销售经验', 'AI 芯片']",20-40K,本科,北京
人工智能教育技术支持（周末双休）,"['售前技术支持经验', '计算机/通信相关专业', '院校', '高职']",10-14K,本科,广州
专利代理人（半导体、软件、人工智能领域）,['专利代理人'],18-28K,本科,上海
C++编程人工智能老师4k-7k+双休+朝九晚五,"['C/C++', 'scratch', '搜索算法']",4-5K,大专,成都
人工智能教培连锁品牌全国市场运营经理,"['运营经理', '运营总监', '销售运营', '活动运营', '教育类', '']",7-12K,大专,南宁
人工智能培训师，（数据标注师）,"['全职工作', '兼职工作', '标注结果整理', '数据标注', '', '', '', '']",3-8K,本科,邯郸
大数据及人工智能研究工程师,"['数据分析', '数据处理', '国密算法']",10-20K,本科,成都
人工智能研究员（数字化转型方向）,"['实施工程师/顾问', '售前支持', '技术管理', '项目验收', '', '']",11-20K,硕士,南京
投资分析师（人工智能/AR/VR方向）,['股票研究'],10-15K,本科,杭州
投资经理（人工智能，新材料等方向）,"['医疗健康', '投行/FA', '投资并购', '股权']",7-12K,本科,杭州
人工智能-图像/视频算法工程师,"['人工智能', 'Python', 'C++', '深度学习算法', '视觉图像算法', '', '', '']",20-40K,硕士,北京
实习生（人工智能/数据分析方向）,"['C/C++', 'Python', 'MATLAB', '数学/统计相关专业', '', '']",4-6K,本科,深圳
职位名称,技能,薪资,学历要求,地区
Python Engineer Python 工程师,"['Python', 'Shell']",15-18K,本科,上海
Python C++开发,"['后端', 'Python', '计算机相关专业']",3-5K,本科,淄博
Python 工程师,"['Python', 'MongoDB', 'MySQL']",5-10K,本科,咸阳
编程 c++ python,"['C++', 'Java', 'Python']",8-12K,本科,深圳
Python 开发工程师,"['NoSQL', '大数据', '搜索引擎技术', 'MySQL', '人工智能']",12-20K,本科,北京
Python 开发工程师,"['后端', 'Python']",15-30K·14薪,本科,长沙
Python Web研发工程师,"['SQL', 'PostgreSQL', 'SQLite', 'Django', 'Flask', 'Tornado']",10-15K·13薪,本科,武汉
Python 工程师,"['Python', 'BI']",8-13K,本科,大连
Python 后端研发,['Python 后端'],5-10K,学历不限,枣庄
Python Web开发工程师,"['Python', 'MySQL', 'MongoDB', '计算机相关专业']",18-25K·13薪,本科,深圳
Python WEB开发,"['Python', 'Redis', 'MySQL', '网络爬虫技术', '搜索引擎技术', '', '']",8-12K,本科,上海
Python 、Java、Go 中级工程师,"['Java', 'Python', 'GO']",15-22K,本科,北京
python 兼职开发,"['Django', 'python', 'mysql', 'api', 'Linux']",14000-15000元/月,学历不限,深圳
高级 Python 工程师,"['Python', '流程自动化', 'RPA']",15-30K·13薪,本科,廊坊
Python web开发工程师,"['后端', '爬虫', '机器学习/算法工程', 'Python', 'TensorFlow', '', '', '', '', '', '', '']",8-13K,本科,深圳
python 图像信号算法工程师,"['Python', 'C++']",10-11K,硕士,大连
Python 后台开发工程师,"['Python', 'C/C++', 'go']",15-25K·13薪,本科,上海
Python 数据科学工程师,"['数据开发', '机器学习/算法工程', 'Python']",30-60K·14薪,本科,北京
python web开发工程师,"['数据结构', 'Flask']",13-17K,大专,深圳
Python 后端研发工程师（实习）,"['搜索引擎技术', 'Linux', 'Django', 'MySQL', '后端', '', '', '', '', '']",200-250元/天,本科,上海
python 数据开发,"['分布式技术', 'Redis', 'NoSQL', 'MongoDB']",200-250元/天,本科,深圳
python 爬虫工程师,"['爬虫', '数据开发', '机器学习/算法工程', 'Python', 'Flask', '', '', '', '']",9-14K,本科,南京
Python Flask Web工程师,"['Java', 'Flask', 'Redis', 'SQL Server']",12-24K,大专,上海
Python 开发工程师（算法工程师）,"['分布式技术', '网络爬虫技术', 'Linux', 'PostgreSQL', 'MySQL', '', '', '']",6-8K,本科,秦皇岛
python 高级开发工程师（居家办公）,"['机器学习/算法工程', 'Python', '英语读写能力良好', 'Klipper', '', '']",12-20K,本科,北京
Python,"['高级软件工程师', '软件工程师', 'Java']",15-16K,本科,金华
Python,"['机器学习工程经验', 'PyTorch', '机器学习/算法工程', '', '', '', '', '']",4-8K,本科,苏州
Python,"['Linux', 'Django', 'Flask']",15-25K·14薪,本科,北京
Python,"['SQL', 'Java']",25-50K,本科,北京
python,"['爬虫', 'Python', 'Java', 'Flask', '计算机相关专业', '讲师']",8-10K,本科,郑州
Python,"['后端', '爬虫', '数据开发', 'Python', 'Java', 'C/C++']",8-12K,学历不限,贵阳
Python,"['网络爬虫技术', 'Scrapy']",6-10K·13薪,本科,南京
Python,"['Python', 'MySQL', 'GIT', 'Linux', '微服务架构']",8-13K·14薪,本科,济南
Python,['Java'],3-7K,大专,运城
Python,"['微服务架构', 'docker ，调度平台', 'Django', 'Flask', 'Python']",13-18K·13薪,大专,北京
Python,['Java'],5-8K,硕士,深圳
Python,"['网络爬虫技术', '分布式技术', '数据结构']",11-12K·13薪,本科,廊坊
Python,"['MySQL', '服务器配置', 'Visual Studio', '网络爬虫技术', '', '', '', '']",5-10K,本科,成都
Python,"['网络爬虫技术', '多线程', '多进程', '计算机软件']",1-2K,大专,西安
Python,"['Java', 'Go', '微服务架构', '分布式技术', 'Redis', 'Jenkins', '', '']",20-23K·15薪,本科,上海
Python,"['Windows', '分布式技术', '网络爬虫技术', '数据结构', '', '', '', '']",4-7K,本科,梅州
Python,"['SQL', '容器技术', 'Linux', '中级软件工程师', '高级软件工程师', '', '', '']",20-21K·13薪,本科,北京
Python,"['后端', 'Python']",15-16K,本科,北京
Python,"['后端开发', '通信', 'Hadoop']",8-12K,本科,上海
Python,"['Python', 'Java', 'Go', 'C++', '后端开发', '云计算']",14-28K,本科,杭州
Python,"['Python', 'Go', 'MySQL', 'Redis', 'Tornado', 'Flask', '后端开发', '']",15-30K·14薪,学历不限,北京
Python,"['爬虫', '数据开发', '机器学习/算法工程', '计算机相关专业', '']",6-7K,本科,武汉
Python,"['Python', '后端开发', 'Hadoop']",7-10K,大专,大连
Python,"['后端', '运维开发', 'Python', 'Shell', '计算机相关专业', '', '']",15-30K·14薪,本科,西安
Python,"['Python', '网络爬虫技术', '人工智能']",4-7K,学历不限,石家庄
Python,"['网络爬虫技术', '网络编程', '软件工程师', '文件管理系统', '', '', '']",15-30K,本科,邯郸
Python,"['Linux', 'Django', 'GIT', 'MongoDB', 'MySQL', '微服务架构', '']",10-15K,本科,北京
Python,"['数据开发', 'Linux', 'MySQL', '计算机相关专业', '后端', '', '', '', '']",15-25K,本科,北京
python,"['后端', 'Python']",250-300元/天,硕士,北京
Python,"['Python', 'Linux', '自动化测试', 'Web应用', 'Django', 'CICD', '', '']",13-23K·13薪,本科,广州
Python,"['Go', '分布式技术', 'Redis', 'NoSQL', 'MongoDB', '架构师']",11-20K,本科,深圳
Python,"['爬虫', '数据开发', 'Python', '计算机相关专业', '服务端开发经验', '', '']",4-6K,本科,曲靖
python,"['后端', 'Python', 'Golang', 'MySQL', 'apache']",11-15K,本科,深圳
Python,"['爬虫', '数据开发', '机器学习/算法工程', 'Python', '', '', '']",3-4K,学历不限,广安
Python,"['后端', 'Python', 'Java', 'PHP', '计算机相关专业', '', '']",3-7K·14薪,本科,成都
Python,"['Python', '测试', 'java', 'c']",11-22K·16薪,本科,成都
Python,"['网络爬虫技术', '分布式技术', '软件工程师', 'Windows', 'Scrapy', '', '']",12-20K,本科,北京
python,"['Python', '计算机相关专业', '全栈开发经验']",6-10K,本科,太原
Python,"['Python', 'ERP', 'odoo']",4-9K,本科,佛山
Python,"['爬虫', '数据开发', '运维开发', 'Python', 'Java']",9-12K,本科,黄石
Python,"['算法基础', '微服务架构', '虚拟机技术', 'Linux', 'PostgreSQL', '', '', '']",15-16K,大专,上海
Python,"['Linux', 'MySQL']",12-15K,本科,北京
Python,"['Python', 'Shell', '分布式技术', '搜索引擎技术', 'Linux', 'Web端', '', '']",13-20K,本科,北京
Python,"['Linux', 'Python']",15-30K,本科,杭州
Python,"['Python', '分布式技术', '搜索引擎技术', 'Web端', 'Redis', '', '', '']",15-30K·15薪,本科,上海
python,['Python'],100-200元/天,大专,洛阳
Python,"['python爬虫', '数据挖掘', '自然语言处理']",11-20K,学历不限,宁波
Python,['Python'],5-10K,本科,苏州
Python,"['Python', '机器学习', '图像算法']",12-20K,本科,北京
Python,"['云计算', 'Python', 'Java', 'C++', '后端开发', 'Linux', '', '']",19-35K,本科,北京
Python,"['Django', 'MySQL', 'MongoDB', 'python']",35-50元/时,本科,石家庄
Python,['python'],3-8K,大专,吉林
python,"['Odoo', 'ERP', 'Python']",10-15K,本科,上海
Python,"['Java', '网络爬虫技术', '多进程', '网络编程', '软件工程师', '']",12-18K,学历不限,西安
Python教师,"['机器学习工程经验', 'C/C++', 'C++', 'C语言', '', '', '']",5-8K,本科,扬州
python讲师,['Python'],8-12K,大专,济南
python老师,"['Python', 'C/C++', '五险一金', '公立学校']",6-8K,大专,成都
python讲师,"['Python', '计算机相关专业']",8-9K,大专,河源
Python,"['SQL', '爬虫工程师', 'Python']",8-13K,学历不限,嘉兴
Python,"['后端', 'Python']",3-6K,大专,西安
Python,"['爬虫工程师', '网络爬虫技术', 'Python', '.NET', 'MVC开发']",5-10K,学历不限,嘉兴
python,"['Go', '数据结构', '架构师', 'GIT']",20-40K,本科,上海
Python,"['爬虫', '数据开发', '机器学习/算法工程', 'Python', 'C/C++', '', '', '']",4-5K,本科,临沂
python,"['爬虫', 'Python']",9-13K·13薪,本科,福州
Python,['网络编程'],4-5K,大专,长治
Python,"['Python', 'Node.js', '后端开发', '多线程', '多进程', '消息队列', '', '']",5-8K·13薪,大专,徐州
Python,['Python'],11-15K,学历不限,北京
python,"['Python', 'C/C++']",3-8K,学历不限,辽阳
Python,"['Python', '网络爬虫技术', 'Linux']",10-11K,本科,北京
Python,"['网络爬虫技术', '分布式技术', '多线程', '架构师', 'Scrapy', '', '', '']",10-15K,学历不限,西安
Python,"['网络编程', '服务器配置', 'Windows', 'MySQL', 'Django', '', '']",10-15K,本科,上海
Python老师,['算法基础'],5-8K,大专,泰安
python兼职,"['python', '兼职教师']",2-7K,学历不限,广州
python编程,"['java爬虫', 'python爬虫', 'Python']",6-10K,本科,北京
Python开发,"['Python', 'SQL']",18-25K,本科,上海
Python讲师,"['网络编程', '网络爬虫技术', '服务器配置', '算法基础']",12-15K·13薪,大专,南昌
python开发,"['机器学习/算法工程', '数据开发', '后端', 'Python', 'Java']",12-16K,本科,南京
python讲师,"['后端', '爬虫', '数据开发', 'Python', 'MySQL', '计算机相关专业', '', '']",5-10K·13薪,本科,天津
Python讲师,"['Java', '数据结构', '算法基础', 'Oracle', 'Windows', '网络编程', '', '']",5-10K,本科,银川
python老师,"['Python', 'C/C++', '计算机相关专业', '机器学习工程经验']",3-6K,大专,邯郸
Python教师,"['Python', 'Java']",7-12K,本科,台州
python,"['Python', 'Django', 'Golang', '数据可视化', 'Node.js', '']",10-15K·13薪,本科,上海
Python,['软件工程师'],5-7K,学历不限,沈阳
Python,"['Scrapy', 'Flask', '网络爬虫技术']",12-15K,本科,北京
Python,"['后端', '爬虫', '数据开发', 'Python']",15-16K,本科,杭州
Python,"['Python', 'Java', 'JavaScript', 'C++']",15-30K·14薪,本科,上海
Python,"['Flask', 'GIT', 'MySQL', 'Redis', 'spark', 'elasticsearch', '', '']",13-20K,本科,厦门
Python,"['Java', '后端开发', '数据库']",10-11K,本科,南京
Python,"['后端开发', 'Python', '数据库']",6-12K,本科,南宁
python,['Python'],10-15K,大专,长沙
Python,['Python'],10-11K,本科,上海
Python,"['C/C++', 'Python', 'Linux']",4-6K,本科,唐山
Python,"['Java', '网络爬虫技术', '多线程', '初级软件工程师', '架构师', '']",3-7K,本科,济南
Python,"['搜索引擎技术', 'Redis', 'Django', 'SQL', 'MySQL', '软件工程师', '', '']",15-30K,本科,北京
Python,"['python', 'openstack', '云计算']",15-30K,本科,西安
Python,"['Python', '计算机相关专业', '爬虫经验']",6-10K·14薪,本科,太原
python,"['MySQL', 'Tornado', '计算机相关专业']",10-15K,本科,北京
Python,"['机器学习', '图像编程', '编程']",4-9K,大专,温州
Python,"['后端', '爬虫', '数据开发', 'Python']",200-300元/天,本科,北京
Python,"['后端', 'Python', 'MySQL', '服务端开发经验', '全栈开发经验']",6-8K,大专,上海
Python,"['python', '爬虫', 'MySQL', '网络爬虫技术', '算法基础', '', '']",3-8K·13薪,本科,厦门
Python,"['Python', '物联网', '智能硬件']",7-9K,大专,上海
Python,"['微服务架构', '分布式技术', 'Linux', 'Redis']",15-20K,本科,上海
python工程师,"['机器学习', '数据挖掘', 'Python']",2-3K,本科,杭州
Python工程师,"['后端开发', 'Python']",12-24K,本科,深圳
Python工程师,"['Python', 'Java', 'C++', 'PHP']",8-12K·13薪,本科,深圳
Python工程师,"['分布式技术', '网络爬虫技术', 'MongoDB']",12-20K,本科,深圳
python工程师,"['爬虫', '数据开发', 'Python', 'MySQL', 'Scrapy', '爬虫经验', '']",8-12K,本科,苏州
python工程师,"['数据开发', 'Python', '计算机相关专业', '全栈开发经验']",7-10K,大专,东莞
Python工程师,"['分布式技术', 'Go', 'Java', '软件工程师']",18-30K·16薪,本科,北京
python工程师,"['Python', 'CSS', 'HTML', 'SQL']",100-150元/天,本科,成都
python工程师,"['后端', 'Python', '计算机相关专业', '爬虫经验']",6-8K,大专,临沂
程序员（python）,"['Linux', 'fortran', 'python']",7-12K,本科,广州
python工程师,"['Python', 'Flask', 'Tornado', '计算机相关专业']",15-20K,本科,吉安
python工程师,"['爬虫', '数据开发', '机器学习/算法工程']",4-5K,本科,长春
python工程师,['Python'],8-9K·13薪,大专,青岛
python工程师,"['容器技术', 'Redis', 'MySQL', 'Django', 'Linux']",11-20K,本科,郑州
Python工程师,"['Java', '分布式技术', '容器技术', 'NoSQL', 'MongoDB', 'Flask', '', '']",12-22K·13薪,本科,深圳
python工程师,"['后端', 'Python', 'pandas', '串口通讯', 'RS-232']",12-13K,本科,杭州
scratch，python讲师,"['Python', 'Python工程师', 'steam教育', 'scratch']",6-10K,大专,深圳
python工程师,"['Python', 'TensorFlow', 'PyTorch', '计算机相关专业', '', '']",20-25K,本科,上海
Python工程师,"['容器技术', '消息队列', '网络编程', 'Django', 'MySQL', '', '', '']",7-12K,本科,哈尔滨
Python后端服务开发,"['网络爬虫技术', '搜索引擎技术', 'Linux', 'Redis', 'NoSQL', '', '', '']",10-15K,学历不限,北京
Python讲师,"['Python', 'C++', 'JavaScript', 'C语言', 'Python工程师', '', '', '']",5-10K·13薪,大专,杭州
Python讲师,"['C/C++', 'C++', '机器学习/算法工程', '计算机相关专业', '', '', '']",5-10K,本科,营口
职位名称,技能,薪资,学历要求,地区
